{
  "ABIRoot": {
    "kind": "Root",
    "name": "TopLevel",
    "printedName": "TopLevel",
    "children": [
      {
        "kind": "Import",
        "name": "UIKit",
        "printedName": "UIKit",
        "declKind": "Import",
        "moduleName": "OpheliaITR",
        "declAttributes": [
          "RawDocComment"
        ]
      },
      {
        "kind": "Import",
        "name": "Cartography",
        "printedName": "Cartography",
        "declKind": "Import",
        "moduleName": "OpheliaITR"
      },
      {
        "kind": "TypeDecl",
        "name": "Nick",
        "printedName": "Nick",
        "children": [
          {
            "kind": "Constructor",
            "name": "init",
            "printedName": "init()",
            "children": [
              {
                "kind": "TypeNominal",
                "name": "Nick",
                "printedName": "OpheliaITR.Nick",
                "usr": "s:10OpheliaITR4NickC"
              }
            ],
            "declKind": "Constructor",
            "usr": "s:10OpheliaITR4NickCACycfc",
            "mangledName": "$s10OpheliaITR4NickCACycfc",
            "moduleName": "OpheliaITR",
            "declAttributes": [
              "AccessControl"
            ],
            "init_kind": "Designated"
          },
          {
            "kind": "Function",
            "name": "sayHello",
            "printedName": "sayHello()",
            "children": [
              {
                "kind": "TypeNominal",
                "name": "String",
                "printedName": "Swift.String",
                "usr": "s:SS"
              }
            ],
            "declKind": "Func",
            "usr": "s:10OpheliaITR4NickC8sayHelloSSyF",
            "mangledName": "$s10OpheliaITR4NickC8sayHelloSSyF",
            "moduleName": "OpheliaITR",
            "declAttributes": [
              "Final",
              "AccessControl"
            ],
            "funcSelfKind": "NonMutating"
          },
          {
            "kind": "Function",
            "name": "setOphelia",
            "printedName": "setOphelia(view:)",
            "children": [
              {
                "kind": "TypeNominal",
                "name": "Void",
                "printedName": "()"
              },
              {
                "kind": "TypeNominal",
                "name": "UIView",
                "printedName": "UIKit.UIView",
                "usr": "c:objc(cs)UIView"
              }
            ],
            "declKind": "Func",
            "usr": "s:10OpheliaITR4NickC03setA04viewySo6UIViewC_tF",
            "mangledName": "$s10OpheliaITR4NickC03setA04viewySo6UIViewC_tF",
            "moduleName": "OpheliaITR",
            "declAttributes": [
              "Final",
              "AccessControl"
            ],
            "funcSelfKind": "NonMutating"
          }
        ],
        "declKind": "Class",
        "usr": "s:10OpheliaITR4NickC",
        "mangledName": "$s10OpheliaITR4NickC",
        "moduleName": "OpheliaITR",
        "declAttributes": [
          "Final",
          "AccessControl"
        ]
      },
      {
        "kind": "Import",
        "name": "UIKit",
        "printedName": "UIKit",
        "declKind": "Import",
        "moduleName": "OpheliaITR",
        "declAttributes": [
          "RawDocComment"
        ]
      },
      {
        "kind": "Import",
        "name": "Cartography",
        "printedName": "Cartography",
        "declKind": "Import",
        "moduleName": "OpheliaITR"
      },
      {
        "kind": "TypeDecl",
        "name": "Ophelia",
        "printedName": "Ophelia",
        "children": [
          {
            "kind": "Constructor",
            "name": "init",
            "printedName": "init()",
            "children": [
              {
                "kind": "TypeNominal",
                "name": "Ophelia",
                "printedName": "OpheliaITR.Ophelia",
                "usr": "s:10OpheliaITR0A0C"
              }
            ],
            "declKind": "Constructor",
            "usr": "s:10OpheliaITR0A0CACycfc",
            "mangledName": "$s10OpheliaITR0A0CACycfc",
            "moduleName": "OpheliaITR",
            "declAttributes": [
              "AccessControl"
            ],
            "init_kind": "Designated"
          },
          {
            "kind": "Function",
            "name": "sayHello",
            "printedName": "sayHello()",
            "children": [
              {
                "kind": "TypeNominal",
                "name": "String",
                "printedName": "Swift.String",
                "usr": "s:SS"
              }
            ],
            "declKind": "Func",
            "usr": "s:10OpheliaITR0A0C8sayHelloSSyF",
            "mangledName": "$s10OpheliaITR0A0C8sayHelloSSyF",
            "moduleName": "OpheliaITR",
            "declAttributes": [
              "Final",
              "AccessControl"
            ],
            "funcSelfKind": "NonMutating"
          },
          {
            "kind": "Function",
            "name": "setOphelia",
            "printedName": "setOphelia(view:)",
            "children": [
              {
                "kind": "TypeNominal",
                "name": "Void",
                "printedName": "()"
              },
              {
                "kind": "TypeNominal",
                "name": "UIView",
                "printedName": "UIKit.UIView",
                "usr": "c:objc(cs)UIView"
              }
            ],
            "declKind": "Func",
            "usr": "s:10OpheliaITR0A0C03setA04viewySo6UIViewC_tF",
            "mangledName": "$s10OpheliaITR0A0C03setA04viewySo6UIViewC_tF",
            "moduleName": "OpheliaITR",
            "declAttributes": [
              "Final",
              "AccessControl"
            ],
            "funcSelfKind": "NonMutating"
          }
        ],
        "declKind": "Class",
        "usr": "s:10OpheliaITR0A0C",
        "mangledName": "$s10OpheliaITR0A0C",
        "moduleName": "OpheliaITR",
        "declAttributes": [
          "Final",
          "AccessControl"
        ]
      }
    ],
    "json_format_version": 8
  },
  "ConstValues": []
}